{
  "0.25": {
    "mean": 1.0073478850340918,
    "std": 0.021455655168156385,
    "med": 1.0,
    "p25": 1.0,
    "p75": 1.0
  },
  "0.5": {
    "mean": 1.1347116407233055,
    "std": 0.17792563158011004,
    "med": 1.0700504592477746,
    "p25": 1.0097419389835167,
    "p75": 1.1756245663740046
  },
  "0.75": {
    "mean": 1.6516836279066025,
    "std": 1.07087294040517,
    "med": 1.3596723541945024,
    "p25": 1.0923833320957015,
    "p75": 1.6177684056648616
  },
  "1.0": {
    "mean": 2.8500789500196477,
    "std": 4.502633287052528,
    "med": 1.7426559322175155,
    "p25": 1.2581426028557239,
    "p75": 2.64394308331161
  },
  "1.5": {
    "mean": 19.253191671636515,
    "std": 60.71780246455325,
    "med": 3.9439707649626157,
    "p25": 1.9272073055550198,
    "p75": 10.119855978195666
  },
  "2.0": {
    "mean": 130.4547131221163,
    "std": 489.7724985390456,
    "med": 8.298262859605648,
    "p25": 3.734639804765695,
    "p75": 31.47935829015608
  },
  "2.5": {
    "mean": 739.8939075360446,
    "std": 2859.544788872011,
    "med": 36.49558142782021,
    "p25": 9.41373849482801,
    "p75": 188.49992554708527
  },
  "3.0": {
    "mean": 3157.258055832377,
    "std": 11791.522022584384,
    "med": 97.04708431380868,
    "p25": 19.979362726009636,
    "p75": 799.9666371905095
  },
  "4.0": {
    "mean": 33610.555639896374,
    "std": 113149.35315776929,
    "med": 1019.2660027076485,
    "p25": 95.3218074766626,
    "p75": 8596.577118732845
  },
  "5.0": {
    "mean": 242842.67443999328,
    "std": 795923.5708924836,
    "med": 7215.505883100133,
    "p25": 1002.6423446563524,
    "p75": 43224.61676398659
  }
}