{
  "2": {
    "N_sites": 4,
    "funnel_enhancement": 3.0543562185658737,
    "funnel_gp_star": 2.6165046987488236,
    "funnel_peak_eta": 0.686056423794355,
    "funnel_zero_eta": 0.22461572085933132,
    "flat_enhancement": 0.9967729266576157,
    "disorder_median": 1.2786789907858598,
    "disorder_mean": 1.7010462914380786,
    "disorder_std": 1.4132182151663728,
    "disorder_enaqt_frac": 0.76,
    "disorder_all": [
      1.018580569216949,
      0.9996624916625074,
      0.9970134928588559,
      4.993436512874581,
      1.118604815778579,
      1.6723454616346511,
      2.7515661179102384,
      1.038614485188078,
      1.5565953240187893,
      3.2523061353039524,
      1.1820460303934783,
      0.9977104057783212,
      0.9978239638395384,
      2.867750265053279,
      1.4432789201913527,
      1.7125867161527089,
      1.1600672091211777,
      1.4360619385057554,
      2.16728528832458,
      0.9996590348978048,
      1.023040836295098,
      2.144281712009537,
      1.3218626178150614,
      1.0065117640902954,
      1.9889157440153813,
      0.9990099175749578,
      10.168991076348126,
      1.3253821010414402,
      1.5291298663039607,
      0.9983178866252603,
      2.1484954537320995,
      0.9986037368007641,
      1.2588724304899062,
      1.0617939621834256,
      0.9991710868923427,
      2.3189336236731757,
      1.3012823797976254,
      1.6001754969826651,
      1.814753678039091,
      0.9969225800056146,
      1.2817001850996919,
      1.7014442045336569,
      1.0798786437823795,
      1.1580800380694756,
      1.806022886462121,
      1.2076097261794938,
      1.0356379223156882,
      2.1390168737921673,
      0.9998231657762158,
      1.275657796472028
    ]
  },
  "3": {
    "N_sites": 9,
    "funnel_enhancement": 3.6919705581195035,
    "funnel_gp_star": 1.2626001098748565,
    "funnel_peak_eta": 0.49749368920173753,
    "funnel_zero_eta": 0.13475017781700155,
    "flat_enhancement": 0.9926157876563279,
    "disorder_median": 1.757528473199221,
    "disorder_mean": 4.019982493850718,
    "disorder_std": 11.124449613537278,
    "disorder_enaqt_frac": 0.92,
    "disorder_all": [
      1.1035197587132286,
      1.558495004021322,
      2.977588758273244,
      14.664183460238926,
      2.487387675236289,
      1.1807070954372523,
      4.121636842885869,
      1.2759497243784401,
      5.654107315348026,
      4.336710669531715,
      1.9026790127725894,
      1.7510993880683434,
      3.176325912884418,
      6.5960203813581515,
      2.2259400486899525,
      2.874129277719523,
      1.1423219534061935,
      2.5366540359407064,
      2.2915070290498796,
      1.8496063212218294,
      1.8878745810267021,
      0.9980532047991124,
      2.8531992257286984,
      1.2428238556968412,
      2.725026705940559,
      1.5393768877467313,
      80.35500753012666,
      2.3625185719960973,
      1.7430884038860135,
      0.9944052792128378,
      6.083724305953154,
      1.423532301558435,
      2.8847174567269063,
      1.3196686305567193,
      1.280538805271309,
      5.307153054105953,
      1.6708425711652413,
      1.3103105598560236,
      1.7639575583300986,
      1.0083148739110879,
      1.5133918596287446,
      2.1888881555917776,
      1.0066905350707176,
      1.2776305424461212,
      2.339812077785817,
      1.1716174970132271,
      1.1102488474262575,
      1.0116392569260824,
      1.3224394941422002,
      1.5960623977338608
    ]
  },
  "4": {
    "N_sites": 16,
    "funnel_enhancement": 4.656950356327243,
    "funnel_gp_star": 0.815440739518517,
    "funnel_peak_eta": 0.35888140135887864,
    "funnel_zero_eta": 0.077063608992799,
    "flat_enhancement": 0.9860596269842006,
    "disorder_median": 2.0889984455350614,
    "disorder_mean": 4.1245938124635275,
    "disorder_std": 5.985553965338622,
    "disorder_enaqt_frac": 0.96,
    "disorder_all": [
      1.2582040703518285,
      1.1134894271231897,
      1.3592007490819589,
      22.254954942406414,
      1.7841009181695255,
      1.755796702929831,
      1.5774705848813433,
      1.4981368646139346,
      4.438741045386173,
      7.641189430053015,
      1.3332527842167246,
      1.0773945187912362,
      3.3296729849999456,
      3.2155976327436866,
      3.5452751992481875,
      5.747842136072005,
      2.107251287704025,
      3.1950896662527595,
      0.9929553087724345,
      5.192883842058688,
      3.4164842147132437,
      1.9560007862334834,
      25.161712206373238,
      1.251395361207345,
      4.148592726968355,
      1.2449830820602716,
      30.69899989514723,
      2.2289469579286822,
      3.7192440905512556,
      1.0488269523563347,
      2.7163839077661778,
      3.284303126082319,
      2.288892187464292,
      1.9145318956344937,
      1.309606462124993,
      11.161459799877383,
      3.145199001208325,
      10.244250654421094,
      2.2921177383965863,
      1.002436625525752,
      1.5504643321187097,
      2.9368591002134874,
      1.1302705952796133,
      2.070745603366098,
      1.9515348257316611,
      1.094630200797745,
      1.6944864013499694,
      1.2191947271549655,
      2.649906732865524,
      1.278730336400867
    ]
  },
  "5": {
    "N_sites": 25,
    "funnel_enhancement": 4.1390247138205165,
    "funnel_gp_star": 0.6092704661368681,
    "funnel_peak_eta": 0.26413164849870785,
    "funnel_zero_eta": 0.0638149483903182,
    "flat_enhancement": 0.9821990521426857,
    "disorder_median": 1.9361629894127428,
    "disorder_mean": 3.224493045803874,
    "disorder_std": 3.9253072146906103,
    "disorder_enaqt_frac": 0.88,
    "disorder_all": [
      1.435881574126799,
      1.71612790711156,
      0.991925536055591,
      22.98901911764479,
      2.5373985270519372,
      3.226915774720674,
      1.4736770132402057,
      1.0013342527631461,
      14.321538689293806,
      2.3381987757457297,
      1.8939493942618977,
      3.1571300377971827,
      1.2815840604732827,
      13.153457832941525,
      1.9687874814092057,
      2.7495527561404063,
      1.9479211249737345,
      4.516635753952758,
      1.073778038325784,
      0.9789940139642257,
      1.0718985989376941,
      1.120539779202177,
      4.697525495516181,
      1.392297174096805,
      3.716449975452838,
      2.180671270699877,
      10.115293462424665,
      3.5779665484931873,
      4.463377995704503,
      1.0776600622495636,
      2.886818848762516,
      1.001526470817051,
      1.531215241851377,
      0.9922014094360236,
      1.922759431886635,
      1.74481752893433,
      1.7685238348242038,
      4.330751107116943,
      3.014238501350364,
      2.0013662635335665,
      2.5148707182598202,
      5.667765013202039,
      1.3544689432485244,
      0.998106041828547,
      1.924404853851751,
      1.286800657885294,
      2.6021369451753795,
      1.5693098736437445,
      1.884456280058887,
      2.0606262997549507
    ]
  },
  "6": {
    "N_sites": 36,
    "funnel_enhancement": 3.918437285032329,
    "funnel_gp_star": 0.526646239348428,
    "funnel_peak_eta": 0.1997150287162497,
    "funnel_zero_eta": 0.050968029902921354,
    "flat_enhancement": 0.9773571214895267,
    "disorder_median": 2.40235750752745,
    "disorder_mean": 5.688584972758372,
    "disorder_std": 8.970462830063534,
    "disorder_enaqt_frac": 0.9,