{
  "3": {
    "optimal_enhancement": 87.00468474061434,
    "optimal_gp_star": 6.509675230458164,
    "optimal_eps": [
      -5.0,
      5.0,
      0.0
    ],
    "funnel_enhancement": 1.5397190761439252,
    "funnel_gp_star": 0.9249147277217336,
    "random_median": 1.441404593231383,
    "random_mean": 4.134305290099742,
    "gain_vs_funnel": 56.50685640559121,
    "gain_vs_random_med": 60.361043075049935
  },
  "5": {
    "optimal_enhancement": 8967.429401255149,
    "optimal_gp_star": 5.3556669177068965,
    "optimal_eps": [
      5.0,
      5.0,
      -5.0,
      -5.0,
      0.0
    ],
    "funnel_enhancement": 7.5757080553427185,
    "funnel_gp_star": 0.9249147277217336,
    "random_median": 3.050465973605594,
    "random_mean": 56.67736905288755,
    "gain_vs_funnel": 1183.7084185062977,
    "gain_vs_random_med": 2939.6916664032856
  },
  "7": {
    "optimal_enhancement": 802380.3616734239,
    "optimal_gp_star": 4.406236427773573,
    "optimal_eps": [
      5.0,
      5.0,
      5.0,
      -5.0,
      -5.0,
      -5.0,
      0.0
    ],
    "funnel_enhancement": 165.42371212994468,
    "funnel_gp_star": 0.9249147277217336,
    "random_median": 8.135266170950528,
    "random_mean": 160.23711113954792,
    "gain_vs_funnel": 4850.455544384913,
    "gain_vs_random_med": 98629.88435935507
  },
  "10": {
    "optimal_enhancement": 682605372.791948,
    "optimal_gp_star": 3.6251170499885315,
    "optimal_eps": [
      5.0,
      5.0,
      5.0,
      5.0,
      -5.0,
      -5.0,
      -5.0,
      -5.0,
      -0.27519413630338957,
      0.0
    ],
    "funnel_enhancement": 282744.18167160556,
    "funnel_gp_star": 0.9249147277217336,
    "random_median": 11.708874469557855,
    "random_mean": 1399.2948071375745,
    "gain_vs_funnel": 2414.2154535464956,
    "gain_vs_random_med": 58298120.33314285
  },
  "12": {
    "optimal_enhancement": 15869242545.922705,
    "optimal_gp_star": 4.406236427773573,
    "optimal_eps": [
      -4.71899540492674,
      0.6578062392474943,
      5.0,
      5.0,
      5.0,
      5.0,
      -3.230281313163989,
      -5.0,
      -5.0,
      -5.0,
      5.0,
      0.0
    ],
    "funnel_enhancement": 150859787.16324088,
    "funnel_gp_star": 0.9249147277217336,
    "random_median": 40.57477074684623,
    "random_mean": 1916.9453218873189,
    "gain_vs_funnel": 105.19199877135628,
    "gain_vs_random_med": 391111083.41027856
  },
  "15": {
    "optimal_enhancement": 104448619741.88852,
    "optimal_gp_star": 2.982471286216888,
    "optimal_eps": [
      4.07997572890563,
      4.385185379210403,
      3.6567806377867496,
      -4.008304516515779,
      -4.607877548824978,
      -2.8665350961949594,
      -3.834058114209986,
      -4.939477350577447,
      -1.9999826769896,
      -1.6857814817371752,
      4.299918921482479,
      4.32236826622776,
      2.474588180763566,
      3.8696782345386795,
      0.0
    ],
    "funnel_enhancement": 227793988363.36462,
    "funnel_gp_star": 0.9249147277217336,
    "random_median": 198.34115928839958,
    "random_mean": 19564.08306119499,
    "gain_vs_funnel": 0.4585222836314615,
    "gain_vs_random_med": 526610916.8496598
  }
}